{
  "project_info": {
    "project_number": "182570413336",
    "firebase_url": "https://addfirebase-82e2c.firebaseio.com",
    "project_id": "addfirebase-82e2c",
    "storage_bucket": "addfirebase-82e2c.appspot.com"
  },
  "client": [
    {
      "client_info": {
        "mobilesdk_app_id": "1:182570413336:android:a43574a98dffca11",
        "android_client_info": {
          "package_name": "com.example.damjmm.aadfirebase"
        }
      },
      "oauth_client": [
        {
          "client_id": "182570413336-6906pvaobu6eplvgba5a1kvl1945eis3.apps.googleusercontent.com",
          "client_type": 1,
          "android_info": {
            "package_name": "com.example.damjmm.aadfirebase",
            "certificate_hash": "7232d8f336d97ebed92186f4c3deea2d65d24ff2"
          }
        },
        {
          "client_id": "182570413336-vdqno021vsfmgpucudhhj46ap2tmfcg4.apps.googleusercontent.com",
          "client_type": 3
        }
      ],
      "api_key": [
        {
          "current_key": "AIzaSyAeAuH7kvoMbj-x6wUI8NreBxvPLzWGSTQ"
        }
      ],
      "services": {
        "analytics_service": {
          "status": 1
        },
        "appinvite_service": {
          "status": 2,
          "other_platform_oauth_client": [
            {
              "client_id": "182570413336-vdqno021vsfmgpucudhhj46ap2tmfcg4.apps.googleusercontent.com",
              "client_type": 3
            }
          ]
        },
        "ads_service": {
          "status": 2
        }
      }
    }
  ],
  "configuration_version": "1"
}